ID,Recuerdo,IND,Etapa
1,"Primeramente, hablaré del cariño que le tenía a mis peluches cuando era niña. Sin duda, los adoraba, pero sobre todo me encantaba ese peluche que ahora miro y no me hace ninguna gracia. Según mis padres no me separaba de él en ningún momento; todo el día arrastrándolo. ",1,0
2,"Otra de las sensaciones que han marcado mi infancia ha sido la emoción de la Navidad. Por un lado tenía el día de Reyes, estaba tan impaciente por desenvolver los regalos que escribía la carta dos meses antes. Por otro lado, recuerdo el día que hacía con mi tío el belén. Me encantaba colocar y revisar cada día las figuras.",1,0
3,"Papá y mamá son los mejores. Todo lo hacen pensando en mi hermana y en mí. Nos han hecho vivir momentos inolvidables, gracias a todo el cariño que nos han dado. Simplemente, son maravillosos.",1,5
4,"De niña cazaba mariposas, dormía todo el día, jugaba con mi perro, veía el Rey León, veía Bambi, iba al parque, no me preocupaba por estudiar, jugaba con las barbies, jugaba con el nenuco y el baby born, pescaba renacuajos, me disfrazaba con la ropa de mi madre, jugaba a las tormentas con mi padre, odiaba a los chicos.",1,0
5,"Moler los kikos para no forzar los dientes, las papillas que me hacía mi madre. Ir por el parque con mi triciclo. Comer gusanitos blandos. La comida de la abuela. Los playmobil. Destrozar los playmobil. Ver los dibujos animados. Inventarme batallas con los soldaditos. Las meriendas de por las tardes. Jugar con mi primo en el parque. Jugar con mis amigos al balón. Construir con piezas de Lego. Mi abuelo contándome historietas. Ver que el ratoncito Pérez me daba dinero por mi diente. Ver los museos con el colegio. Tirar pan a los pájaros, para que comieran. Ir de camping. Reír a carcajadas. Jugar a videojuegos. Pintar las paredes cuando solo tenía dos años. Ver los fuegos artificiales en el parque al lado de mi casa. Ver una película una y otra, y otra vez sin cansarme. Viajar a Jerez de la Frontera. Jugar al futbolín casi todos los días. comer una buena sandía en verano. Celebrar la Navidad en familia. Ir a salir a tomar algo con mis abuelos. Pasear por las tardes por las calles de Madrid. la crema para el cuerpo después de la ducha. Comer pizza en el Telepizza. Oler el aire sucio de Madrid. Soportar el calor del verano. Ver la exposición de la Edad Media en el parque. Comprar Dalsy en la farmacia. Los juguetes perdidos que luego recuperé.",1,0
6,"La etapa de mi niñez fue muy entrañable, cálida, rodeada del cariño y protección de mi familia, y el juego reinaba en mi mundo infantil, recuerdo que me encantaba hacer realidad los cuentos que me contaban los mayores o los que yo leía, y sacaba de allí a las princesas para darlas vida en mí, disfrazándome con camisones largos que mi madre me dejaba, y me veía reflejada de princesa, de esta forma, hacía realidad mis cuentos preferidos. Mis hermanos y yo solíamos jugar mucho a los juegos de mesa como el parchís, la oca, las damas, o el ajedrez, y aunque casi siempre perdía, nunca me enfadaba porque reconocía que perder entraba dentro del juego. Me gustaba mucho jugar con las muñecas, a quiénes cuidaba, mimaba, protegía, bañaba y las daba el biberón como si fueran bebés de carne y hueso. Recuerdo con especial cariño aquellos veranos de mi infancia disfrutando en el pueblo de mi abuelo y cuando nos contaba sus batallitas mientras se preparaba un cigarrillo, y siempre con la boina en su calva cabeza y el bastón cerca de él. Aquellas calles pobladas de vecinas sentadas en las puertas de sus casas charlando de sus cosas, y esa sintonía de la radio que se escuchaba desde la calle porque las puertas de sus casas las dejaban abiertas sin ningún peligro. Me lleno de oxígeno puro al recordar esa naturaleza que brotaba de campos verdes cubiertos de espigas y amapolas, esos ríos donde nos bañábamos en aguas limpias y cristalinas que parecían mares con sus arenas de playa; o esos triciclos que pedaleábamos por la calle sin ningún peligro, o esas bicicletas que circulaban cerca de escasos coches donde no había cinturones ni semáforos, ni nadie llevaba de la mano móviles porque no existían. Los niños pasábamos mucho tiempo en la calle jugando con la pandilla de amigos, a juegos imaginarios, inventados, o los que en aquellos tiempos se jugaban, como al escondite, al corre corre, ladrón y policía, al yoyó, a la comba, a la goma, a las tabas, a los alfileres, a la gallinita ciega, al corro de las patatas.",1,0
7,"Cuando yo era pequeña, yo era una niña muy feliz. Era muy creativa y simpática. Me gustaba jugar con mis amigos, dibujar, pintar, leer, ver la televisión y coleccionar piedras y pegatinas. Mis amigos y yo pasábamos tiempo fuera en el jardín, especialmente en el verano. No tenía un libro favorito porque había muchos libros. Mi comida favorita era pizza. Yo siempre veía un montón de televisión, especialmente por las mañanas.",1,0
8,"No me llevaba bien con mi hermana porque nos peleamos todos los días. Cuando mi mamá tenía que salir de la ciudad, mi hermana y yo nos quedábamos en la casa de mis abuelos. Mi hermana y yo todavía no nos llevamos bien.",0,0
9,"En mi niñez fui una chica muy energética, yo siempre estaba saltando y corriendo todo el tiempo! Cuando era pequeña mi familia vivió en Kabaty (otro lugar en Varsovia), en un apartamento. Todavía recuerdo que obligaba a mi mamá para salir a pasear conmigo (era demasiado joven para ir por mi cuenta). Me gustaba caminar, leer los libros, ver los dibujos animados, hacer deportes, y mucho más. Mi libro favorito era el libro de los mitos griegos, porque estos me fascinaron, y lo siguen haciendo, de hecho. Mi comida favorita era pasta con una salsa cremosa- muy apetitoso. Debo admitir que no creo que haya cambiado mucho. Todavía soy muy energética, disfruto de lo que me gustaba (aunque no veo los dibujos animados, sólo anime), y todavía me encanta la pasta.",1,0
10,"Cuando era pequeña, yo era una niña muy cariñosa y energética. Nunca he dejado de correr y saltar. Cuando era pequeña mi familia y yo vivimos en Italia en Vicenza. Había un dormitorio enorme que compartía con mi hermano Giacomo donde teníamos un montón de juegos. Recuerdo que todos mis amigos siempre querían venir a jugar en mi casa porque podíamos jugar a cualquier tipo de juegos, sin prohibiciones. Lo peor era poner en orden el dormitorio que mi mamá nos hacía hacer cuando habíamos terminado de jugar. De niña, me gustaba jugar, bailar, leer libros, hacer deportes, dibujar y ver los dibujos animados y la televisión. Mis libros favoritos era la serie de Gerónimo Stilton y de Valentina. Me gustaba mucho el verano, jugar en la playa con mi hermano y mis amigos. Mi comida favorita era la pizza y los helados. Siempre veía un montón de televisión, especialmente por las mañanas antes de llegar a la escuela. Cuando era niña, practiqué la danza y la gimnasia. Tuve una infancia muy bonita y feliz, sólo tengo recuerdos buenos.",1,0
11,"De niña yo era muy extravertida y muy sociable. Me gustaba ir al patio del recreo con mi hermana y mis amigas, y jugaba con mis muñecas también. Y me gustaba jugar con mis amigas el escondite e ir a los columpios. Tenía muchas amigas simpáticas. Mi comida favorita era espagueti. Y me gustaba ver los Teletubbies y Winnie the Pooh en la tele. Mi hermana y yo jugábamos mucho cuando éramos pequeñas. Ella era mi mejor amiga y hermana. En primer grado yo coleccionaba las pegatinas como mis amigas. Y en primer grado mis amigas y yo saltábamos en la cuerda mucho, todos los recreos. Y yo leía mucho cuando era pequeña, mi libro favorito era un libro de un mono en un bosque.",1,0
12,"Cuando era niño, era muy radiante y energético. También fui muy desobediente, y por eso yo estaba en problemas todo lo tiempo. No tenía un libro favorito porque yo leí mucho cuando era pequeño. Y mis comidas favoritas? muchas! No recuerdo que estuviese gordo, pero tampoco hecho un palo. Considero mis días de niño cuando estuve en Moscú, porque eso era los días que yo recuerdo más. Cuando era niño en Moscú, tenía tres mejores amigos, Niels, Henry y Philip. Todos íbamos mucho a casa de Niels, porque en el momento, él era el más rico, y tenía todos los juegos de vídeo. Todos juagábamos en su x-box y Wii. Pero Philip era un chico muy atlético, y quería jugar fútbol todo lo tiempo. Henry era americano, entonces quería jugar a la x-box todo el día. A mí no me importaba a lo que jugáramos, porque yo disfrutaba los dos. Me gustaría volver a ser niño otra vez.",1,0
13,"Cuando era pequeña, vivía en Inglaterra. Era muy tímida y estaba con mi mamá todo el tiempo. Soy muy diferente ahora! Yo era obediente y muy ordenada pero mi hermana era al contrario! Ella era desobediente y traviesa también! Me gustaba dibujar con lápices de colores y jugar con mis muñecas. Coleccionaba muchas Barbies y los vestía con mi amiga. Coleccionaba las pegatinas también. Me gustaba jugar a rayuela y escondite con mis amigas. Viví en Sudáfrica también hasta cumplir diez años, y me gustaba leer historietas y libros, y me gustaba nadar también! Tocaba la flauta y el piano, pero no me gustaba. Mi comida favorita era pasta, y es mi favorita todavía!",1,0
14,"De niña yo era muy simpática pero también tímida. Sonreía mucho tiempo y me encantaba jugar a la mancha. Mi comida favorita era pizza y mi libro favorito era Franklin. Antes de ir a la cama mi mamá leía un poco de este libro. A mí me gustaba jugar con los muñecas y mi juguete favorito era un muñeca muy importante para mí. Tenía también muchos animales de peluche. Cuando era pequeño mi hermana era mi mejor amiga. Nosotros jugábamos mucho cuando éramos niñas. Nosotros veíamos Moomin mucha veces, era mi programa de televisión favorito, y me gustaba ver los Teletubbies también. Nosotros no nos peleamos nunca o muy pocas veces. No IIorábamos mucho. Cuando era niña no coleccionaba nada. Me gustaba pasar tiempo con mis amigos también y nosotros generalmente dibujábamos mucho. Todavía mi mamá tiene los dibujos.",1,0
15,"Cuando era pequeña era una niña muy sociable y alegre pero era también traviesa. Mi infancia fue feliz y la pasé en Ámsterdam. Recuerdo que cada fin de semana íbamos al parque y yo saltaba la cuerda o hacía volar mi cometa. Sin embargo, la razón principal de ir al parque era por las hamacas! Me encantaba sentarme en la hamaca con mi hermano o amigas. En general me gustaba hacer muchas cosas como jugar a la mancha y al escondite, leer, bailar y ver los dibujos animados. Tenía muchas muñecas y barbies y tenía también una colección de animales de peluche. Mi libro favorito era Olivia el cerdo que fue sobre las aventuras de un cerdo que se llamaba Olivia. Mi dibujo animado favorito era ‘Los Tweenies.’ Después de la escuela yo corría a casa a ver el programa. Cuando era pequeña comía mucho, pero mi comida favorita era la pizza de mi abuela en Italia.",1,0
16,"Cuando era pequeña, era muy obediente y muy tímida. En la guardería, nunca hablaba, no me gustaba hablar mucho. Me gustaba pasar el tiempo con mis amigos y también jugar con mis muñecas. Además coleccionaba canicas cuando era joven. Con mis amigos, jugábamos en el patio de recreo, me gustaba saltar a la cuerda y también jugar a la mancha. De niña, no me gustaban los deportes, pensaba que no eran divertidos. No me gustaba leer tampoco, no me gustaban un montón de cosas. Mi comida favorita era pizza y me gustaban los dulces.",2,0
151,"Cuando era pequeña , yo veía Cartoon Network porque era mi canal favorito.",1,0
17,"Cuando era joven, era muy extrovertida. Siempre necesitaba hacer algo. A mi hermano le gustaba hacer rompecabezas, pero a mí me gustaba escalar cosas. Siempre estaba feliz y no lloraba mucho. Mi comida favorita era 'shepherds pie'. No me gustaba leer mucho, yo prefería comer dulces. Me encantaba correr por casa y jugar a juegos. No me gustaba jugar con muñecas o juguetes. Me gustó mucho un animal de peluche que era un mono. También era de mi hermano, pero yo siempre jugaba con él. Cuando era pequeña, mi hermano y yo nos llevábamos muy bien, nunca nos peleamos. Yo vivía en Quebec y después en Ottawa. Dejamos Quebec cuando tenía cuatros años. Cuando era niña, no coleccionaba nada. Me gustaba pasar tiempo con mis amigos y mis amigas y generalmente jugábamos en el parque.",1,0
18,"De niña, yo era agradable pero era muy tímida también. Tenía unos pocos amigos y me encantaba jugar a muchos juegos con ellos. Mis juegos favoritos eran jugar a la mancha y jugar al escondite. Cuando estaba sola en casa, me gustaba jugar con mis muñecas y leer historietas. Yo coleccionaba pegatinas también, y a menudo mis amigos y yo las cambiábamos. Pero si nosotros estábamos aburridos, íbamos al patio de recreo o al circo, porque nos encantaban los payasos. Recuerdo que cuando tenía cinco años, fui a Vietnam con mi familia para celebrar el Año Nuevo Chino. Todos mis parientes fueron a Vietnam, y tuvimos una reunión. Nosotros volvíamos a nuestro país cada año. Ese año, hicimos una fiesta también, y mi mamá y mis tías tuvieron que preparar mucha comida. Pero mis primos y yo las ayudamos, porque cuando los invitados llegaron, ya habíamos decorado la casa. Los invitados fueron muy educados, ya que antes de venir a la fiesta, habían traído las flores. Cuando todos llegaron aquí, se divirtieron mucho, y los niños contaron muchos chistes. Antes de que todos se fueran, vimos los fuegos artificiales. Al final, fue un Año Nuevo Chino muy bueno.",1,0
19,"De niño yo era muy energético y simpático. He vivido en Polonia por todo mi existencia. Yo veía la televisión todo el tiempo. Mi canal favorito era Cartoon Network. Y mi programa favorito, Johnny Bravo,  porque era cómico. No tenía una comida favorita, pero mis favoritos son bocadillos con tocino, bocadillos con queso, bocadillos con jamón, y bocadillos con nutella. Tampoco tenía un único libro. Mis favoritos eran Catcher in the Rye de J.D. Salinger, y The Giving Tree de Shel Silverstein. Solo tenía una pelicula favorita. Se llamaba Unforgiven. Sale mi actor favorito Clint Eastwood. Mi hermana y yo nos llevábamos bien. Yo jugaba mucho al tenis, desde el 2000 (tenía tres años). También jugaba al beisbol. Mi padre era el entrenador. En mi dormitorio tenía muchos videojuegos, y juegos como Monopoly y Clue. Tuve una infancia muy divertida y cómica.",1,0
20,"De niña yo era traviesa. Me gustaba burlarme de mi familia. No me gustaba usar vestidos. Mi madre me llamaba yo tonte-boo, porque cuando era niña me reía mucho. Era muy impaciente y todavía lo soy. De niña me encantaba jugar con mi hermano! Él era mi ídolo. De niña yo y mi hermana nos gritábamos la una a la otra todo el tiempo. Mi padres se volvían locos. De niña viví en Francia y cuando mi hermano iba a la escuela yo lo esperaba en las escaleras. Cuando él llegaba a casa yo corría por la casa gritando su nombre y reía.",1,0
21,"De niña viví en Corea. Cuando cumplí ocho años, nos fuimos a Indonesia. Era muy extrovertida. Me gustaba jugar al fútbol, al baloncesto, al escondite y nadar con mis amigos. No me gustaba estudiar. Me gustaba jugar con lego. También me gustaba comer helado, así que lo hacía todos los días.",1,0
50,"No me llevaba bien con mi hermano Sang yun kwon y todavía hoy no nos llevamos bien.",0,0
22,"De niña era más social y extrovertida y nunca era tímida. También era muy educada y por lo general era obediente pero hubo momentos en que no lo era. Todo dependía de la situación. Era alegre y amable pero al mismo tiempo era egoísta y muy impaciente. En mi tiempo libre me gustaba jugar con las muñecas Barbie, así como ver la televisión. Mis programa de televisión favorita era Nu Pogodi, un dibujo animado ruso acerca de un lobo y un conejo. Durante el verano, aunque me gustaba ir fuera y jugar en el patio con los otros niños, también me gustaba cuando mi madre me leía mis libros favoritos que eran Karlsson que vive en el techo, el cocodrilo Gena y sus amigos, y el tío Fedor, su perro y su gato. Todos los libros eran muy populares cuando era niña. Aunque mi actividad favorita era posar para las fotos así como cantar. Cuando era pequeña mi comida favorita era pelmeni de mi abuela, pero eso no ha cambiado. Pelmeni son trozos de masa que consiste en un relleno envuelto en masa fina. Cuando era pequeña mi rutina diaria era que me despertaba por la mañana, desayunaba, me vestía, y luego iba a la escuela. En la escuela yo jugaba con mis amigos y hacía un poco de trabajo. Después de la escuela mi mamá me recogía y luego nosotros íbamos a casa. En casa, yo comía primero y después hacía mi tarea. Tan pronto como terminaba mi tarea me gustaba ver la televisión o jugaba en mi Game Boy. Después, yo leía un libro e iba a dormir. Durante los fines de semana me levantaba tarde y jugaba o miraba la televisión todo el día.",1,0
23,"De niño, me gustaba jugar a la mancha con mis amigos. Cuando era niño, era muy hablador y sociable. Todavía soy hablador. Pero era muy impaciente y pero cuando personas visitaban mi casa, era muy reservado y bien educado. En la guardería, era maleducado y travieso. De niño, me gustaba mirar la tele o jugar al beisbol. Me gustaba ver Bob Esponja. Cuando era niño, mi comida favorita eran macarrones con queso o espaguetis. No tenía un libro favorito porque no me gustaba leer. Todavía no me gusta leer pero me gusta leer Harry potter a veces. Cuando era joven, mi rutina diaria consistía en levantarme a siete de la mañana, ir a mi escuela por ocho horas, ir a mi casa, comer macarrones con queso y dormir a las nueve de la noche.",1,0
24,"De niña era tímida y a veces graciosa. Jugaba con muchos juguetes diferentes como, las muñecas de Barbie y Baby Born. Me gustaban también los juguetes de niños como coches o el tren eléctrico. Era una niña obediente y tranquila. Mi comida favorita eran las papas y el arroz. De niña me gustaban los libros de la seria de Junie B. Jones. Los libros de la seria cuentan una historia de una niña que va a la escuela y tiene muchas aventuras diferentes. Cuando fui un poco más mayor, leí los libros de la seria Horrible Histories. Estaba interesada en esta serie porque me gustaba la historia, y la serie la cuenta de una manera simple. Veía un dibujo animado ruso que se llama “Wilk i Zajac” en polaco. No tenía una rutina diaria muy complicada: por la mañana me levantaba a las siete o las ocho, iba a la escuela, después de la escuela miraba los dibujos animados y me acostaba a las siete y media. Los fines de semana participaba en los actividades extraescolares como los lecciones de piano, la danza clásica, y el karate. Mi activad favorita era jugar a Pokemon en mi gameboy color de color violeta. También recogía las tarjetas de Pokemon, tenía un gran álbum con todas las tarjetas.",1,0
25,"De niña, era traviesa, extrovertida, y siempre alegre. Cuando quería, podía ser educada pero por lo general no quería comportarme bien. Pero, cuando cumplí diez años, empecé a comportarme mejor. Llegué a ser una chica mejor educada. Mis padres estuvieron muy contentos cuando decidí hacer eso. Me gustaba mucho jugar con otros niños. En el barrio donde vivía, había muchos niños con quien jugaba. No me llevaba bien con mi hermano. Nos peleábamos mucho, y eso enojaba a mis padres. Las razones porque nos peleábamos variaban; un día gritábamos porque no queríamos ver el mismo programa en la televisión. Otro día, nos quejábamos porque él usaba algo mío. En mi tiempo libre, me gustaba leer, ver películas, y pasar tiempo con otros chicos. Siempre podía encontrar algo para hacer, no me aburría nunca. Con los otros chicos, jugábamos a juegos como a las escondidas o a la mancha. Tenía también un coche electrónico, que conducía con frecuencia. A veces obligaba a los chicos pagarme para una ronda en el coche. De esta manera ganaba un poco de dinero. Mi libro favorito era El Principito, podía leerlo todo el tiempo. Como ahora, me gustaba comer mucho. Por eso no tenía una comida favorita, pero me gustaba mucho comer carne, como el bistec. Veía la televisión a menudo, los programas de televisión que me encantaban más que otros eran Scooby Doo y Blue’s Clues. Veía los programas en inglés y alemán para practicar esos idiomas. Cuando era niña, me despertaba muy temprano (a veces a las cuatro de la mañana) para ver mis programas de televisión preferidos. Cuando era hora de comer, me vestía porque nunca tenía hambre por la mañana. Pasaba el día en la escuela. Después de la escuela, volvía a casa y comía algo. Generalmente no había tarea, entonces hacía lo que quería, por ejemplo jugar con mis amigos. Tuve una niñez fantástica.",1,0
26,"De niña era la hija más simpática de mis padres, más tímida y un poco mimada. También era muy educada y por lo general era obediente. Me gustaba tener mi habitación limpia y ordenada. Durante mis primeros años de la escuela yo siempre llegaba a tiempo a la escuela. Cuando tenía sobre siete años llegué a ser una chica más extrovertida, porque empecé a pasar tiempo con mi amigo en mi tiempo libre. Siempre nos llevamos bien. A menudo jugábamos con las muñecas Barbie y osos. Siempre que el tiempo era bueno, íbamos a saltar a la cuerda o jugábamos al escondite. Yo viví en Dinamarca toda mi niñez con mi madre, mi padre y mi hermano menor. Mis padres siempre me decía lo linda y simpática que era de niña. Había muchos niños con quien jugaba. No me llevaba bien con mi hermano menor. Él tiene menos años que yo, pero es más alto. Yo soy más baja que él. Cuando era una niña jugaba con su osos de peluche de vez en cuando, porque eran más suaves que los míos. Mi hermano y yo estábamos a menudo luchando, pero siempre nos hacíamos buenos amigos otra vez. Cuando era pequeña me gustaba, pero no me encantaba, ver películas, especialmente las películas de Disney. Veía por lo menos una a la semana. Todavía me gusta ver películas de Disney de vez en cuando. Veía la televisión a menudo, el programa de televisión que me gustaba más que otros era un programa llamado el show de Disney. Lo veía todos los viernes a las siete de la tarde. Uno de los mejores recuerdos que tengo de mi infancia es los paseos con mi madre. Yo iba a menudo dar un paseo con mi madre. Más que nada para hablar con ella y tener un buen día con ella. Echo de menos los paseos.",1,0
27,"De niño, siempre era muy ordenado y educado. Tan educado como ahora. Cuando era niño, era menos sociable y más tímido que ahora. No me gustaba hablar mucho, y particularmente no me gustaba hablar con adultos. Siempre me llevaba bien con mis amigos porque tenía paciencia incluso cuando no se comportaban bien. De niño no estaba mucho en casa porque solía jugar con amigos al fútbol afuera durante horas. También solía nadar tres veces por semana, pero ahora no tengo tiempo para hacer eso. En mi tiempo libre me gustaba jugar al futbol con mis amigos, y leer libros. De niño mi comida favorita era la pizza. Cuando era niño, mi libro favorito era Harry Potter y la Piedra Filosofal, pero ahora no. Con respecto a mi rutina diaria, cuando era niño, solía despertarme cada día a la siete de la mañana. Luego, me lavaba los dientes y desayunaba con mi familia. Entonces, iba a la guardería o a la escuela. Si no iba, solía ver la televisión (mi programa favorito era Pokémon) o jugar con mis juguetes. Luego, almorzaba y cuando era pequeño me acostaba y dormía dos horas. Luego, solía hacer mi tarea y jugar con amigos.",1,0
28,"Cuando era pequeña, físicamente tenía la cara un poco gordita pero mi cuerpo era bastante flaco. A menudo tenía las mejillas rojas y tenía el pelo rizado y corto. De personalidad era muy animada y frenética, todavía lo soy, pero cuando una persona es joven, es siempre es más extrovertida! De niña, yo era un poco caprichosa, porque siempre quería todo, sí, era muy traviesa, pero nunca mimada! Estaba feliz todos los días! Pero cuando tenía que hacer mi cama, estaba muy enojada porque no me gustaba arreglar mi cuarto. Aun así, siempre era muy educada, pero de niña era muy egocéntrica y la más loca de toda mi familia! A veces obedecía a mis padres y nunca a mi hermana mayor porque nos peleábamos siempre por los animales de peluche o por las muñecas, pero nos gustaba jugar juntas a los videojuegos y nos encantaba jugar a la mancha y a el escondite en el patio del recreo. No me gustaba leer historietas y hacer crucigramas, porque me gustaba más moverme y jugar en el tobogán, el columpio y el subibaja. Ahora físicamente soy un poco diferente. Tengo el pelo mediano y ondulado. Soy ciertamente más alta ahora, sin embargo no mucho. Ya no tengo las mejillas rojas, y de carácter soy más educada, pero tan simpática y sociable como de niña. Creo que todas las personas que conozco desde que eran pequeñas son todavía tan graciosas como eran de niños. De hecho me gusta hablar mucho y estar con mucha gente. ahora sé que soy más responsable y tengo más cosas que debo hacer, como la universidad, la escuela, el coche, la familia...",1,0
29,"De niña, yo era bastante extrovertida, mucho más que ahora.  Me gustaba pasar tiempo con mis amigos.  Montábamos en bicicleta todos los días después de la escuela.  También jugábamos a videojuegos. Yo era muy buena estudiante en mi escuela primaria; me gustaban mucho las actividades escolares.  Me llevaba muy bien con mi hermanito, pero ahora no tenemos muy buena relación. Él era mi mejor amigo. Jugábamos con los Legos todo el tiempo.  Construíamos castillos e inventábamos universos fantásticos de dragones, reyes y caballeros.  Teníamos una piscina y pasábamos los veranos nadando en el sol.  Me encantaban los veranos porque podíamos acostarnos más tarde que durante el año escolar. Y siempre íbamos de vacaciones a la playa. De niña, yo era muy feliz.",1,0
30,"De niño, yo era muy interesante e inteligente. Me gustaba hacer modelos de aviones y los dinosaurios. Yo era muy bueno estudiando porque era muy inteligente. Mi comida favorita eran los fideos instantáneos. Mi libro favorito era 'Harry Potter'. Mi programa de favorito era 'power rangers' porque era muy interesante. De niño, yo estaba interesado en los puentes y las presas porque vivía en un puerto.",1,0
31,"De niño, yo era muy tímido, no como ahora. Viví en Estados Unidos toda mi infancia. Me gustaba jugar a los videojuegos con mi mejor amigo, Vaughn. Nuestro juego favorito era Super Smash Brothers. También me gustaba ir al parque los fines de semana con mis amigos y jugar a la mancha y al béisbol. Cuando mis amigos estaban ocupados, me gustaba montar en bicicleta. Cuando era joven, me encantaba coleccionar cosas. Me gustaba más coleccionar tarjetas de Pokémon y decoraciones de Halloween. Era un buen estudiante en mi escuela primaria. Era muy trabajador, como ahora. Tenía una imaginación muy buena de niño. Me gustaba jugar con Legos y muñecos. Mi hermano y yo hacíamos batallas con nuestros Legos. Me gustaba el otoño y el invierno de niño, porque me gustaba decorar para Halloween, me gustaba jugar en la nieve, y me encantaba la mañana de Navidad. Tengo buenos recuerdos de mi infancia!",1,0
32,"Cuando era niña la vida era sencilla. Me despertaba a las siete y todavía me despierto a las siete, pero me iba a dormir a las ocho o nueve. En el desayuno, comía ‘Lucky Charms’ o ‘Flinstones Fruity Pebbles’. Iba a la escuela, pero no trabajaba mucho porque todo el tiempo yo y mis amigos jugábamos. Mis juguetes favoritos eran los trenes, pero yo sólo jugaba con los trenes de ‘Thomas the Tank Engine’. Quería los bloques, ‘Legos’ y los animales de peluche. Generalmente yo estaba fuera en mi jardín porque mi mejor amiga y yo amábamos la naturaleza. Ella se llamaba Lisa, y la conocí en la guardería infantil. Hacíamos todo juntas. Íbamos a las clases de ballet y gimnasio, a fútbol, a clases de patinaje artístico sobre hielo, ami casa, y a su casa. Cuando estábamos fuera, pretendíamos ser animales o hadas. En los fines de semana, siempre me levantaba a las seis para ver televisión. Cuando era más joven, mis favoritos programas eran ‘Teletubbies’, ‘Barney’, y ‘The Big Comfy Couch’. Luego, cuando yo fui un poco mayor, mis favoritos programas eran ‘Sailor Moon’, ‘Rocket Power’, ‘Pokemon’, y ‘Cat Dog’. Era una buena niña. No desobedecía mis padres, y siempre era agradable. Era más atrevida que ahora porque no tenía miedo a nada. Muchas veces ayudaba mi madre con mis hermanos. Cuando vivía en Chicago, había un patio de recreo cerca de mi casa. Íbamos allí a menudo, y me gustaba mucho el pasamanos.",1,0
33,"Cuando era niño no era muy extrovertido. Pero ahora no soy tímido. Jugaba al fútbol todos los días con mis amigos. Me llevaba bien con mis amigos. Me gustaba montar en mi bicicleta. Era un estudiante muy bueno en la escuela primera y era buenísimo en matemáticas. Ahora también soy bueno en matemáticas. Cuando estaba en la escuela primera yo jugaba videojuegos mucho pero no juego a ellos ahora. También me gustaba jugar a los Legos. Tenía muchos amigos cerca de mi casa y jugábamos todos los días después de terminar la escuela. Mi comida favorita de niño era espagueti y cualquier chocolate. Recuerdo los días de mi niñez como divertidísimos.",1,0
34,"De niño, era muy alto y gordo. Era artístico y amable. Me gustaba pintar y jugar al fútbol con mis primos y amigos. Íbamos al jardín de mi casa todos los días después de la escuela. En mi jardín, jugábamos al fútbol y a la mancha. También jugábamos con juguetes y muñecos. Yo era bastante buen estudiante en mi escuela primaria; no era muy inteligente, pero era muy artístico. Me gustaba jugar con los Legos y rompecabezas. Tenía dos mejores amigo en Corea. Leíamos historietas e íbamos al patio de recreo también. Y, a veces íbamos de vacaciones a la montaña en invierno. Esquiábamos en Corea o Japón. De niño, era muy activo.",1,0
35,"De niña, era muy cariñosa y extrovertida. Me encantaba jugar con mis muñecas y mis amigos. Siempre era una chica muy sociable y amable. La comida que más me gustaba eran los espaguetis que mi mamá cocinaba. Mis libros favoritos eran de la serie llamada Junie B. Jones. Pensaba que estos libros eran muy graciosos e interesantes. Mi programa de televisión favorito era Lizzie McGuire. Tenía la colección de todos los episodios. En la escuela siempre fui una buena estudiante. Me gustaba tener buenas notas. También ayudaba mi mamá en casa. Siempre hacía mis tareas. Cuando era joven, la estación del año que gustaba más era el verano. Iba mucho a la playa con mi familia y también de vacaciones a Disney, Portugal, y otros lugares muy divertidos. Pero vivía en Brasil cuándo era pequeña, y entonces el verano era en diciembre. Yo fui muy feliz cuando era niña y tengo muchos buenos recuerdos.",1,0
36,"De niña, yo era muy extrovertida. Iba a la guardería infantil en Kortedala Torg. Me gustaba jugar con las muñecas y con mis amigas. En la escuela, jugaba en el patio de recreo con mis amigos. Nosotros saltábamos a la cuerda, jugábamos a la mancha y jugábamos a rayuela. Yo era una deportista pero mucho más que ahora. Me gustaba jugar con mi hermano. Nosotros coleccionábamos las tarjetas de Pókemon. Mi programa favorito de televisión era FF. Se llama Föreldra Fritt, en sueco. Como vivía en Suecia, no hablaba mucho polaco, así que iba a clases. Mi libro favorito era Dr.Seuss cuando nos mudamos a Polonia. Me despertaba e iba a la escuela todos los días con mi padres y mi hermano.",1,0
37,"De niño, yo era muy activo. Me gustaba jugar a la mancha, la bicicleta, y los deportes. No era muy musculoso pero era muy rápido. Me gustaba todo independientemente de la temporada. Era muy sociable y amable, y jugaba con mis amigos. De niño me gustaba mucho Pokémon, Digimon, Lego y Hot Wheels. Mis juguetes estaban por toda mi habitación. Mi libro favorito era Dónde está Waldo, y los libros con gigantes y dragones. Mi programa favorito era Fox Kids. Iba también con mi familia de vacaciones a muchos lugares. En Diciembre, nos quedábamos en Polonia. Mi infancia fue muy buena.",1,0
38,"De niña, era inteligente y extrovertida. Me gustaba aprender, pasar tiempo con mis amigos, estar al aire libre y jugar a muchos juegos diferentes. Aprendí a leer cuando tenía tres años. Tenía buenas notas en la escuela y me gustaba leer. No jugaba mucho con las muñecas barbie. Me encantaba recoger los caballos de juguete. Mi programa de televisión favorito era Winnie de Pooh. Me gustaba cocinar con mi mamá. Mi bebida favorita era chocolate caliente y mi comida favorita, panqueques. Era muy atlética y feliz. Me encantaba montar en bicicleta. Odiaba a mi hermano porque era más joven y tenía toda la atención de mis padres. Sin embargo, ahora somos amigos.",1,0
39,"De niña, siempre jugaba con mis amigos al aire libre. Cuando mi familia vivió en los estados unidos, me gustaba jugar en el arroyo cerca de mi casa o en el patio de recreo. En el arroyo, mis amigas y yo siempre nadábamos y atrapábamos caracoles. Por lo general, en el patio de recreo nosotros jugábamos a rayuela y a la mancha. Me gustaba montar en el columpio. Me gustaba jugar con mi hermano menor también. Jugábamos videojuegos y veíamos mucha televisión. Nos gustaba el programa “Animal Planet” y “Cartoon Network”. Me llevaba muy bien con mi hermano, y todavía tenemos buena relación, pero peleamos algunas veces. Era una estudiante muy obediente y creativa en mi escuela primaria. Siempre llegaba temprano a la escuela. Me gustaban mucho las actividades de artes. Me gustaba escribir historias también. Tenía muchos juguetes. Tenía muñecas, bloques, dinosaurios, e historietas. Me gustaba más coleccionar canicas. Pero ahora, colecciono corchos de botellas de vino. De niña, era muy divertida y optimista.",1,0
40,"De niña era muy optimista y energética. Era muy tímida, y no me gustaba hablar en público. Tenía el pelo corto, claro y muy listo. Me gustaba pasar tiempo con mis padres, y con mis amigas. Me gustaba jugar con muñecas, juegos de mesa, el ordenador, mi tortuga, y al tenis. Cuando era joven, me gustaba mucho montar en bicicleta con mi padre. Me llevaba muy bien con mi hermanito y mis amigas. Mi madre y yo íbamos siempre al parque, donde hacía muchos amigos. Me gustaba mucho el parque y pasaba mucho tiempo allí. De niña, mi comida favorita era pescado con riz y pierogi, una comida tradicional de Polonia.",1,0
41,"Viví en Polonia hasta que cumplí los 10 años. Era bajito, y mi pelo era rubio y muy largo. Iba al colegio, y me gustaba jugar al fútbol, pero no veía mucho la televisión. Tenía muchos juguetes pero mis favoritos eran los Action Man. De niño no me gustaba ni leer ni escribir. Tampoco era trabajador ni serio. No era tranquilo ni aburrido. Tenía muchos amigos, sobre todo chicos, pero pocas chicas. De niño todo el rato era muy optimista y siempre estaba de buen humor. Me gustaba mucho comer, y llegaba a comer más que mi padre.",1,0
42,"De niña era muy amable. Me gustaba siempre hablar con la gente. En realidad nunca dejé de hablar. Cuando era niña era más rubia que ahora. Me gustaba jugar fuera con mis amigos y mi hermano. Tenía una buena relación con mi hermano. Me gustaba leer, y mi libro favorito era Astérix. Nunca veía la televisión. Iba a clases de natación y danza, pero era mala bailarina. Cuando era niña cenaba siempre a las siete todas las noches.",1,0
43,"De niño era muy diferente. Tenía el pelo corto y era muy bajito. Me gustaba ver la televisión y jugar en el ordenador, pero también nada y jugar con los lego. Mi comida favorita era la pizza, y tenía miedo de las arañas. Cuando cumplí siete años nos fuimos a vivir a Brasil. Cuando cumplí once, volvimos a Polonia.",1,0
44,"De niña era muy traviesa. No era muy obediente, pero si muy divertida. Me acostaba tarde, más o menos a las diez. Antes de dormir, me gustaba ver la televisión, leer libros y dibujar. Durante la semana me despertaba a las siete porque tenía que ir a la escuela. Los fines de semana me despertaba a las once o las doce. Por la mañana comía cereales. De niña me bañaba de noche, pero ahora me ducho por las mañanas. Tenía muchos coleccionables como pegatinas, animales de peluche y conchas marinas. Me gustaba nadar en el mar y practicar deportes en la playa con mis amigos y familia. Viví en Israel y Tailandia y las playas eran sorprendentes. Tenía muchos juguetes que compartía con mi hermano Omer. Jugábamos juntos todos los días. Construíamos ciudades con dinosaurios, barbies y muñecos. Me gustaba ir al patio de recreo y jugar con mis amigos.",1,0
45,"De niña era bastante divertida, mucho más que ahora. Me gustaba pasar tiempo viendo dibujos animados como Tom y Jerry. Jugaba con mis muñecas Barbie y bailaba con mis amigos y hermana porque a ella le encantaba bailar. Saltábamos a la cuerda, montábamos en triciclo y jugábamos a videojuegos. Mi favorito era Mario. Era una buena estudiante en la escuela. Más o menos todos los días, mi hermana y yo nos peleábamos, pero ahora somos buenos amigas. Tenía clases de baile tradicional de la India, que me gustaba mucho. En las vacaciones, mi familia y yo íbamos a la India y veía a mis amigos, primos, tíos y abuelos.",1,0
46,"Cuando era joven era diferente a ahora. No tenía el pelo largo y oscuro, sino corto y rubio claro. Si hacía mucho sol, mi pelo parecía blanco. Además era un poco rizado, pero no tan largo como ahora, porque toda mi familia decía que tenía que parecerme a mi papá. Tenía también una nariz pequeña, muy diferente a ahora, y los ojos azules. Mis primos ya no me reconocen. Mis orejas eran normales, ni muy grandes ni muy pequeñas. Mi boca también era pequeña, y durante un tiempo fui gordo, pero la mayor parte del tiempo estuve delgado. No era muy tranquilo ni paciente. Me gustaba jugar al fútbol y montar en bicicleta. Mi bicicleta era roja y verde oscura, y montaba con mi mamá una vez todos los fines de semana, la mayor parte del día. Mi bicicleta vieja está ahora en la casa de cuando éramos niños. También me encantaba jugar al Monopoly porque me gustaba eso de visitar muchas ciudades del mundo.",1,0
47,"De niña, yo vivía en Noruega con mis padres, pero cuando yo cumplí cuatro años, mi madre, mi padrastro y yo nos fuimos a vivir a Estados Unidos. Tenía pelo rubio, pero ahora lo tengo castaño. Era muy tranquila y obedecía mis padres. En Noruega tenía un triciclo azul con una imagen de Donald Duck. Montaba mi triciclo por todas partes. Me encantaba jugar en el subibaja con mi padre. Mis comidas favoritas eran los panqueques noruegos con mermelada de arándanos y caballa frita. Mi tío Paul y yo íbamos a pescar todos los veranos en Noruega.",1,0
48,"De niño me gustaban muchos los juegos de cartas. Mi jugador de fútbol favorito era Carles Puyol, porque no era muy alto y era muy serio. Yo tenía el pelo rubio, pero ahora es castaño. No me gustaba tampoco el teléfono, porque es muy frágil, pero ahora me encanta mi teléfono. Tuve una infancia muy feliz con mi hermano.",1,0
49,"Mi programa de televisión favorito de pequeño era el rey león. Me gustaba jugar mucho con coches. Tenía el pelo de color rubio, pero ahora lo tengo castaño. También me gustaba el fútbol y la natación. Me gustaba cuando iba a visitar mi familia de Inglaterra.",1,0
51,"Estuve 3 años con el amor de mi vida, decidí a pedirle matrimonio y me dijo que ya no me quería. No he vuelto a querer a alguien tanto.",0,3
52,"Mi madre nos crió sola porque mi padre murió cuando yo tenía 11 años. Murió en un accidente de tráfico volviendo del trabajo.",0,0
53,"Mi infancia fue dura porque apenas teníamos para comer y veía la cara de sufrimiento de mis padres que intentaban todo para que pudiéramos llevarnos algo a la boca.",0,0
54,"Tenía un hermano, Pedro, nació con una enfermedad muy rara y tuvo muchos problemas durante sus primeros años de vida. Murió con 5 años y mi madre nunca pudo superar su muerte.",0,0
55,"Cuando tenía 12 años, mis hermanos y yo tuvimos que vivir en casas de acogidas porque mi padre estaba en la cárcel y mi madre tenía una depresión muy fuerte y no podía hacerse cargo de nosotros.",0,1
56,"Recuerdo como el novio de mi padre pegaba a mi madre y ella nunca hacia nada por defenderse. Estaba convencida de que se merecía que la golpeasen. Al cabo de los años, este hombre la dejo y ella sufrió mucho.",0,1
57,"Desahuciaron a mi familia de un piso del Ayuntamiento de Barcelona cuando mi madre nos llevaba a la escuela",0,1
58,"Tenía un precioso gatito persa en casa, él iba y venía todos los días, no era un gato de casa que pudiese tener encerrado dentro del apartamento todo el tiempo. Zeus era un gato libre, le gustaba irse una horas al día, pero siempre volvía cuando llegaba a casa del trabajo. Siempre estuvo ahí para mí, en mis mejores y peores momentos. Fue tan terrible para mí su pérdida. Un día se fue y no volvió. Lo esperé por meses, pero no obtuve respuesta. ",0,5
59,"Trabajar largas jornadas por una miseria de pago era lo que acostumbrábamos a hacer, ya que no había más oportunidades, el trabajo de constructor siempre fue lo único rentable en este lugar. Quise estudiar pero la pobreza de mis orígenes no me lo permitió, así empecé a trabajar a los 10 años para llevar algo de comida a mi boca y la de mi madre quien estaba enferma. Al poco tiempo ella murió, y yo seguí haciéndome cargo de mi mismo.",0,0
60,"Nací y crecí en Corea del Norte, mi vida no fue fácil. Crecí tan limitada como monitoreada, no podía hacer muchas cosas libremente, como escuchar música, al menos la música que quisiera, o ver películas internacionales. Las cosas fueron empeorando a medida que crecía, no era culpa de mis padres, era culpa de la dictadura tan controladora en la que vivíamos.",0,0
61,"Yo viví al lado de un rio. Tras unas fuertes lluvias este se desbordó y se llevó mi casa y la de unos vecinos. Fue horrible y nos costo mucho recuperarnos de esa catastrofe.",0,5
62,"Cuando era niño me comí una gamba. Lo que yo no sabia es que soy alergico al marisco y eso fue un gran problema, porque me dio un shock anafiláctico y tuve que ir a urgencias corriendo. Estuve ingresado un par de días por culpa de esa gamba.",0,0
63,"A los 15 años mis padres tuvieron una crisis matrimonial. Resulta que mi padre venia a casa tarde todas las noches, que el trabajo le mantenia ocupado hasta muy tarde. Lo que resulto es que tenia un lio con la vecina, y traicionaba a mi madre. Tras esto se divorciaron y yo me quede viviendo con mi madre. A partir de entonces deje de ver mucho a mi padre.",0,1
64,"Yo tenia una colección de coches de juguete. Adoraba esa colección. Pero pasamos por una mala racha a nivel economico y como ultima solución tuve que empeñarlos. Nunca los pude recuperar y eso me rompio el alma, porque adoraba todos esos cochecitos y era un pasatiempo que me hacia mucha ilusión.",0,5
65,"Yo me compré un coche cuando era un mozo. Era un seat panda de color rojo precioso. Una noche iba conduciendo por una carretera de la comarca con mi novia de copiloto, cuando un borracho nos arroyó con su camioneta. El coche quedó para el desguace y mi novia se rompió una pierna y nunca llego a poder caminar del todo bien de nuevo.",0,2
66,"Cuando era niño queria estudiar para convertirme en abogado, era mi sueño. Pero en mi casa no abundaba el dinero y pronto tuve que ayudar con la economia familiar. Encontre trabajo de camarero, que era lo máximo a lo que podia acceder con mis escasos estudios por aquella epoca. Nunca me ha gustado mi profesión y ya me he dedicado a eso de por vida.",0,1
67,"Cuando tenia unos 19 años tenía una gran habilidad para dibujar. Pintaba unos cuadros preciosos y quería dedicarme a ello. De hecho llegaron a exponer algunos de ellos. Pero un día, en una pelea me rompieron la mano y esta nunca llegó a curarse bien del todo. Tuve que dejar mis sueños de lado por culpa de aquella pelea.",0,2
68,"Mi mujer era lo que mas quería en el mundo. Ella se quedo embarazada e íbamos a tener un hijo. Pero el día del parto hubo complicaciones y el niño nació muerto. Unos días despues murió mi mujer por las complicaciones que habia habido durante el parto y yo me quedé solo.",0,3
69,"A los 30 años tenía bastante dinero ahorrado de muchos años de trabajo y esfuerzo. Conocí a un hombre que me ofreció crear un negocio a cambio de proporcionar el dinero para montarlo y ser el socio mayoritario. Yo acepté e inverti todos mis ahorros en aquel negocio. Resultó ser una estafa y ese hombre se escapó con todo mi dinero. Me costó mucho recuperarme de aquello.",0,3
70,"Cuando era un chaval no me movía en los mejores ambientes. Me juntaba con malas personas y yo me convertí en una. Nos dedicamos a atracar bancos a lo largo de toda España. En un atraco el guardia de seguridad nos apuntó con su arma y yo no tuve mas remedio que dispararle. Lo maté y huimos de allí. Nunca nos pillaron pero el peso de ese asesinato me acompañará toda la vida.",0,2
71,"Tenía una amiga desde que era pequeña. Las dos éramos como hermanas. Ella tenía un novio con el que llevaba muchos años. Resultó que el novio en algún momento también me empezó a gustar a mi y empezo a cortejarme sin que mi amiga lo supiese. Acabe rendida con el y engañamos a mi amiga. Mi amiga se enteró y dejó a su novio y a mi de hablarme. Resultó que el chico era un caradura y también me engañó a mi. Nunca he vuelto a hablar con mi amiga y siempre la he echado de menos.",0,2
72,"Pasó un tiempo en un hospedaje con su hermana y su cuñado antes de alquilar una buhardilla en el Barrio Latino, cercano a la universidad, y prosiguió con sus estudios de Física, Química y Matemáticas en la Universidad de París, donde se había inscrito",2,2
73,"Conoció a Mercedes Barcha, también hija de un boticario, en un baile de estudiantes y decidió enseguida que tenía que casarse con ella cuando terminara sus estudios.",1,2
74,"Uno de los primeros recuerdos musicales fue escuchar a su abuela materna, cantar en la iglesia.",2,0
75,"Cuando era niña, disfrutaba de las bandas sonoras de las películas de Disney",1,0
76,"Debe su confianza a su madre, quien la ayudó a prepararse para las presentaciones en clase cuando era niña",2,0
77,"Después de trabajar durante cuatro años en Nueva York se trasladó a Chicago, donde fue un activo organizador comunitario y director del proyecto Developing Communities Project",1,5
78,"En su segundo año de carrera, fue elegido presidente de dicha publicación, y se desempeñó como voluntario a tiempo completo",1,2
79,"Hace poco mi abuela fue elegida Concejala del pueblo de Zalamea la Real (un pueblo de Huelva)",2,5
80,"A los 16 años conoció a mi abuelo y se casaron el 1 de enero de 1966.",1,1
81,"A los 9 meses nació mi padre, tres años más tarde mi tía Mari, y dos años después mi madrina Pili",1,2
82,"Allí permaneció durante 35 años. Su vida además de educar a sus hijos era trabajar en la crianza de animales, (tenían pollos, conejos etc...) pero también tenía tiempo para su afición favorita, cantar",1,3
83,"Después de haber criado a sus hijos y criado nietos, ahora mis abuelos se dedican a viajar, cuidar de sus nietos, cuando los necesitan mis padres, y disfrutar de lo que antes no han podido",1,4
84,"Acaba la carrera de Magisterio y vuelve a su pueblo donde, en el año 1962, se casa con Carmen, su novia de toda la vida",1,2
85,"Realiza el servicio militar entre Córdoba y Sevilla",2,2
86,"Ejerce su profesión de Maestro en Herrera durante varios años, pero por motivos profesionales tiene que dejar su trabajo",0,3
87,"Trabaja en la Caja de Extremadura en Herrera, pero tiene que ir trasladándose por varios pueblos como Castilblanco y Campanario",2,3
88,"Por motivos profesionales, se traslada a vivir con su familia a Badajoz, donde vive durante 15 años",2,3
89,"Al jubilarse vuelve a su pueblo natal, donde vive actualmente y pasa largas temporadas en una pequeña finca de su propiedad, Los Manchos, dedicado a su familia.",1,4
90,"A partir de los 20, ella pintaba abanicos, cuadros y vendía de vez en cuando. Luego se casó con mi padre y dejó de pintar por formar una familia",1,2
91,"Con 25 años  se casaron en 1957 en la Iglesia del pueblo. Mi abuela llevaba un vestido blanco, unos zapatos blancos y un velo largo",1,2
92,"Se encargaba de cuidar a los niños, hacer las tareas de la casa y a veces hacía alguna labor en el huerto mientras que mi abuelo cuidaba a los animales y se encargaba de casi todos los trabajos del huerto y solía llegar tarde a casa",2,3
93,"Fueron 5 años de novios, dice que todo fue muy bonito. Se casaron con 26 y 28 años en el año 1973 en Iranzu. Fue la boda muy bonita",1,3
94,"Cuando era joven solía salir los domingos (solo los que no tenía que trabajar en casa)",1,2
95,"Actualmente vive con mi abuelo y van a hacer 46 años de casados. Tiene dos nietas, Anjara (mi hermana) y yo",1,4
96,"Mi abuela se casó en 1948, con 29 años en la iglesia de Nuestra Sra.de la Asunción (Abárzuza). El afortunado fue mi abuelo Julio Andueza.",1,3
97,"A los 27 años se casó con Jesús Arana en Abárzuza. La ceremonia fue en la iglesia de Abárzuza y la celebración con los invitados fue con comida y cena en Casa Urtasun, lo que hoy es el restaurante Dulanz. El viaje de novios consistió en un recorrido por Pamplona, Eibar, Bilbao y Burgos",1,2
98,"Se llevaba la bici ya que también la bici viajaba en el tren. Se casaron en Sorlada cuando mi abuela tenía 26 años",1,3
99,"Los cinco primeros nacieron en casa, después como a mi abuelo le salió trabajo en Pamplona se trasladaron a vivir allí y nacieron los tres siguientes en Pamplona. Pasado este tiempo regresaron a Murugarren, hicieron una casa nueva y allí transcurrían los días de mucho trabajo: hacía punto, cosía a máquina, en el invierno hacían la matanza de cerdo y los chorizos y morcillas",2,3
100,"Este año pasado mis abuelos celebraron los 60 años de casados.",1,4
101,"Después de tanto estudio consiguió la carrera de profesora. Trabajó por muchos pueblos de Navarra como: Alsasua, Liédena, Goñi, Espronceda etc… Allí se tenía que quedar todas las semanas a dormir. Su primer sueldo era 4.800 pesetas. Daba clases a los alumnos/as desde los 4 años hasta los 14. Los jueves por la tarde tenía fiesta y los sábados tenía que dar clases en el colegio. Los domingos tenían que ir a misa y a rezar el rosario.",2,2
102,"A los 26 años se casó con Francisco Ros Antona. Esto ocurrió el 23 de septiembre de 1966. Iba con un vestido blanco y muy bonito. Se casaron en la iglesia de Rocamador en Estella y comieron en un restaurante de allí llamado La Cepa. De viaje de novios se fueron al Norte de España. Después de casarse con mi abuelo, dejó de trabajar para hacer las tareas de casa. Mi abuelo Francisco se dedicaba a la ganadería y agricultura. A los 27 años tuvo una hija (ahora ya nacían en el hospital) y a los 30 años le tuvo a mi tío Francis.",1,3
103,"Hoy en día viven en la calle Ipustea mi abuela y mi abuelo solos, están ya jubilados pero mi abuelo tiene huerto, gallinas, conejos, etc. y allí pasa mucho tiempo. Mi abuela se dedica a las tareas de casa",1,4
104,"A los 26 años se casó con Félix Izcue y vinieron a vivir a Abárzuza, la boda tuvo lugar en Ugar el 18 de octubre de 1957. Mi abuela iba con un vestido blanco muy bonito. A comer fueron a un restaurante llamado “Casa Primi” y de viaje de novios se fueron a Madrid, Zaragoza y Bilbao. A mis abuelos le gustaba mucho viajar. El 1958 tuvo a mi tía Carmen, en el 1961 nació mi tía Blanca y en el 1967 mi padre. Mis abuelos se dedicaron a la agricultura y ganadería",1,3
105,"Y en Legaria trabajaba en casa cuidando a sus hijos e hija hasta el día de hoy que tiene 78 años después de tanto trabajar",2,4
106,"Se casó con mi abuelo Tarsicio el 4 de mayo de 1957 en la parroquia de San Pedro de Lezaún y comieron en Abarzuza, en el bar “casa Arana”",1,5
107,"Ahora tiene 75 años y me dice que cada día le da gracias a Dios por lo bien que está después de todo lo que ha tenido que luchar. Tiene nueve hijos, 17 nietos y 4 bisnietos. Todos los domingos que puede hace buenas comidas y junta a todos los suyos para poder disfrutar con ellos en familia. Es la abuela más feliz del mundo.",1,4
108,"Tuvieron cuatro hijos. La primera fue Alicia que es mi madrina, luego Marijose, que es mi madre, el tercero mi tío Josean y el último mi tío Juanjo. Mi abuela se dedicaba a criar animales en una granja y también hacía las tareas de casa. Trabajaba muchísimo pero era feliz con su familia. Cuando sus hijos se casaron y tuvieron hijos solo tenía ojos para sus nietos. Estuvo trabajando en el bar Legarzia con mi madre y con mi tío durante 21 años. Venía mucha gente al bar a comer y a cenar por lo bien que cocinaba mi abuela.",1,3
109,"A los 22 años se casó con mi tío en Zudaire con un vestido de terciopelo negro (me cuenta mi tía que muchas se casaban de negro para que luego ese vestido les sirviera en otras ocasiones). La comida fue en Estella y luego se fueron de viaje a Vitoria, Oiartzun, Pamplona y vuelta a Zudaire",1,2
110,"Cuando tenía 28 años se casó con mi abuelo en Estella y se fue a casa de mi abuelo a vivir. Tuvo dos hijos y ella se encargaba de cuidarlos. También ayudaba a mi abuelo en la pieza cuando había que trillar y cuidar los animales. Como había aprendido a coser se dedicaba a hacer de modista y ella confeccionaba la ropa para los de casa y para alguien de fuera que le encargaba. En casa de mi abuelo había vacas lecheras y la leche que daban la vendía mi abuela. Las señoras iban a su casa con unos recipientes que se llamaban “lecheras” a comprar la leche.",1,3
111,"En aquellos años se casaban jóvenes, ella se casó a los 19 años, solo tuvo un novio que es mi abuelo Jesús González que tenía 21 años. Se casaron en la iglesia del pueblo, en la parroquia de Santiago Apóstol de Amiudal. Su vestido era largo en color blanco y con velo corto y manga larga. Comieron en la Villa de Ribadavia y fue un gran banquete con 110 invitados. Después de la boda como iban a emigrar a Alemania y tenían que coger el tren en Barcelona decidieron estar ahí una semana (celebrando la luna de miel). Mi abuelo ya tenía trabajo en la empresa Lufthansa (en el aeropuerto de Frankfurt) y mi abuela de ayudante de cocina en la Policlínica de Frankfurt",1,2
112,"Vive tranquila y disfruta de sus nietos que somos: Alberto y Adrián (de mi tía Ana), Raúl (de mi tío Ramón) e Iranzu y yo. Nosotros le llamamos Yaya.",1,4
113,"Mi abuela tenía 26 años cuando estuvo trabajando en la maternidad de Pamplona, su labor era la de auxiliar de enfermería.",2,2
114,"A los treinta y dos años se casó con mi tío Andrés. Se casó de blanco en la iglesia de San Juan de Estella y luego se fueron de viaje de novios a Barcelona y Zaragoza en el tren. Tuvo dos hijos y se dedicó a cuidar a su marido, a sus hijos y a sus suegros que vivían con ellos",1,3
115,"Ahora tiene setenta y nueve años y sigue atendiendo a su marido, a un hijo que ahora vive con ellos y a sus dos nietas que son la alegría de la casa.",1,4
116,"Entre trabajo y trabajo y con algún rato de diversión, a los veintiocho años se casó. Tuvo cuatro hijos a los que cuidaba y también a su marido y a sus suegros. Ella ayudaba a mi abuelo en todas las tareas: cuidando de los cerdos, y como también tenía vacas de leche ordeñando a mano para luego vender la leche. Mi abuela también bajaba a Estella a vender huevos de unas gallinas que tenían en casa. Dice que los vendía en la plaza y en las monjas del Servicio y Doméstico. Por la noche cuando ya todos se iban a la cama ella aprovechaba para fregar y recoger la casa. La ropa la lavaba en casa en una lavadora pero luego iba a aclararla al lavadero.",1,3
117,"La ropa la lavaba en casa en una lavadora pero luego iba a aclararla al lavadero. Después de tanto trabajar, a los 70 años tuvo que operarse de la rodilla y ya entonces descansó un poco. Ahora tiene 85 años y en casa hace todo lo que puede, la comida, su habitación… Dice mi abuela que en Abárzuza hay muchas mujeres como ella, que trabajaban ayudando a sus maridos , cuidaban su familia y su casa, eran las últimas que se iban a dormir y las primeras que se levantaban, que no cobraban nunca nada y que eran muy felices.",1,4
118,"Al cabo de un tiempo, cuando mi abuela tenía 32 años se casó, eso ocurrió el 13 de mayo de 1967. Al año siguiente tuvieron el primer hijo, se llamó César y años más tarde 3 más, Carlos, Gloria (mi madre) y Samuel. Vivieron en Lezáun y al tiempo se mudaron a Andéraz y tuvieron otra hija, Noemí. Allí se dedicaba al cuidar a sus hijos/as y a la casa. Mi abuela se marchó a vivir a Pamplona. En su piso de Pamplona vivía con una chica joven que la cuidaba y dormía con ella para vigilarle y ayudarle a levantarse, caminar, etc.",1,3
119,"A los 14 años se fue a trabajar en hostelería",2,1
120,"A los 14 años mi padre se murió de cáncer",0,1
121,"Con 15 años me gustaba salir con mis amigos",1,1
122,"Tenía 16 cuando mi madre empezó a trabajar por las noches y apenas le veía",0,1
123,"Tenía 17 años cuando encontré mi vocación con los animales",1,1
124,"A los 18 años empecé con mis malos hábitos con el alcohol",0,2
125,"Con 19 años empecé a estudiar medicina",2,2
126,"Con 20 años tuve un accidente de coche y estuve ingresado 1 semana",0,2
127,"Fue cuando tenía 21 años cuando me di cuenta que me gustaban las mujeres",2,2
128,"Con 22 años me gradué de la universidad",2,2
129,"Cuando tenía 23 años, aun estaba estudiando para ser médico",2,2
130,"Con 1 año, me gustaban los abrazos",1,0
131,"A los 2 años, me gustaban los abrazos",1,0
132,"Cuando tenía 3 años, me gustaban los abrazos",1,0
133,"Con 4 años, me gustaban los abrazos",1,0
134,"Tenía 5 cuando me torcí un tobillo",0,0
135,"Con 6 años, me gustaban los abrazos",1,0
136,"Con 7 años, me gustaban los abrazos",1,0
137,"Con 8 años, me gustaban los abrazos",1,0
138,"Con 9 años, me gustaban los abrazos",1,0
139,"A los 10 años, me gustaban los abrazos",1,0
140,"Cuando tenía 11 años, me gustaban los abrazos",1,0
141,"Cuando tenía 12 años, me gustaban los abrazos",1,0
142,"Con 13 años, me gustaban los abrazos",1,0
143,"Cuando tenía 24 años, aun estaba estudiando para ser médico",2,2
144,"Con 25 años me casé con la mujer de mi vida",1,2
145,"A los 26 años tuve una depresión muy grande",0,2
146,"A los 27 tuve mi primer hijo",1,3
147,"Con 59 años mi marido cayó enfermo",0,3
148,"Para mis 60 años celebré una fiesta por todo lo alto",1,4
149,"Me metía los brazos en la camiseta y le decía a la gente que los había perdido, me escondía con mi hermana en la despensa, apagaba y encendía el juego cada vez que veía que iba a morir, intentaba cerrar la puerta de la nevera despacio para ver si la luz se apagaba, intentaba dejar el interruptor de la luz entre ON y OFF.",1,0
150,"Era muy tímida, quería entrar en la TV, usaba el mando de la televisión como un micrófono, íbamos dentro de un árbol y nos pasábamos las tardes echados en las ramas. Dormía abrazada a todos los peluches para que me protegieran, llenaba el tapón de agua y lo bebía como si fuera un chupito, me hacía la dormida para que mi padre me llevara en brazos a la cama. Solía pensar que la luna seguía a mi coche, miraba las gotas de agua caer en la ventana y hacía como si fuera una carrera y cuando me tragaba una pepita creía que me iba a crecer un árbol en la tripa.",1,0
152,"Con 32 años empece a trabajar para una consultora",2,3
153,"Mi abuela se llama Inés",2,5
154,"Tengo dos hermanos, Juan y Pepe",2,5
154,"Mi tía nos llevaba al dentista siempre que lo necesitabamos",2,5
154,"Tenía un gato y dos perros",2,5
154,"Mi tío Paco trabajaba en una cafetería",2,5
154,"Vivíamos en Ciudad Real",2,5
154,"Mi casa era un tercer piso con tres habitaciones",2,5
154,"Tengo un sobrino de 2 años",2,5
154,"Mi hermano nació en el 2002",2,5
154,"Vivo en casa de mis padres en Madrid",2,5
154,"Tengo un primo en Segovia",2,5
154,"Mi tía Soledad murió a sus 46 años",0,5
154,"Vivíamos en Madrid cerca de la calle Gran Vía",2,5
154,"Mi primo nació en 2010",2,5
154,"Teníamos un perro llamado Pancho"
154,"Mi hijo Samuel se fue a vivir a Barcelona con su mujer",2,5
154,"Mi tía Amparo es la hermana de mi abuelo Víctor. Es la más pequeña de los hermanos y nació en San Martín en 1934",2,5
154,"Cuando tenía cinco años fui a la escuela de San Martín y como en casi todas las escuelas de entonces las chicas estaban por un lado y los chicos por otro",2,0
154,"Mi abuela Rosario es la madre de mi padre. Nació en Abárzuza en 1928. Eran 6 hermanos, tres chicos y tres chicas.",2,5
154,""
154,""
154,""
154,""
154,""
154,""
154,""
154,""
154,""
154,""
154,""
